{"cameraMode":{"drawMode":0,"name":"Shaded","section":"Shading Mode"},"sceneLighting":true,"audioPlay":false,"sceneViewState":{"m_AlwaysRefresh":false,"showFog":true,"showSkybox":true,"showFlares":true,"showImageEffects":true,"showParticleSystems":true,"showVisualEffectGraphs":true,"m_FxEnabled":true},"in2DMode":false,"pivot":{"x":12.357084274291993,"y":2.0721120834350588,"z":-5.45018196105957},"rotation":{"x":0.06026165932416916,"y":-0.01915302313864231,"z":0.0011568351183086634,"w":0.998001217842102},"size":19.67604637145996,"orthographic":false}